{
  "baseline": {
    "val_topn": {
      "precision@5": 0.33333333333333337,
      "recall@5": 0.0364175237721603,
      "ndcg@5": 0.3474986029179306,
      "hit_rate@5": 0.7105263157894737,
      "precision@10": 0.3017543859649123,
      "recall@10": 0.06433676529268953,
      "ndcg@10": 0.32058796880446144,
      "hit_rate@10": 0.8245614035087719,
      "precision@20": 0.2565789473684211,
      "recall@20": 0.10567377862336991,
      "ndcg@20": 0.2877752821735532,
      "hit_rate@20": 0.8771929824561403,
      "coverage@20": 0.10117517443995593
    }
  },
  "final": {
    "val_best_ndcg10": 0.3149385478735812,
    "test_topn": {
      "precision@5": 0.29494949494949496,
      "recall@5": 0.03735163377058403,
      "ndcg@5": 0.3081611408816903,
      "hit_rate@5": 0.6262626262626263,
      "precision@10": 0.2727272727272727,
      "recall@10": 0.07010852067788473,
      "ndcg@10": 0.28945062559746987,
      "hit_rate@10": 0.7575757575757576,
      "precision@20": 0.2398989898989899,
      "recall@20": 0.11091935207762837,
      "ndcg@20": 0.2728467942233908,
      "hit_rate@20": 0.8080808080808081,
      "coverage@20": 0.07656995960337863
    }
  },
  "meta": {
    "k_values": [
      5,
      10,
      20
    ],
    "relevance_threshold": 3.5,
    "optuna_n_trials": 50
  },
  "test": {
    "precision@5": 0.29494949494949496,
    "recall@5": 0.03735163377058403,
    "ndcg@5": 0.3081611408816903,
    "hitrate@5": 0.6262626262626263,
    "precision@10": 0.2727272727272727,
    "recall@10": 0.07010852067788473,
    "ndcg@10": 0.28945062559746987,
    "hitrate@10": 0.7575757575757576,
    "precision@20": 0.2398989898989899,
    "recall@20": 0.11091935207762837,
    "ndcg@20": 0.2728467942233908,
    "hitrate@20": 0.8080808080808081,
    "coverage@20": 0.07656995960337863
  }
}