{
  "baseline": {
    "val_rating": {
      "rmse": 1.0096788484909915,
      "mae": 0.7517128516534818
    },
    "val_topn": {
      "precision@10": 0.031578947368421054,
      "recall@10": 0.007601367049637425,
      "ndcg@10": 0.029485652334756564,
      "hit_rate@10": 0.2543859649122807,
      "coverage@10": 0.05104663973558575
    }
  },
  "final": {
    "val_best_ndcg10": 0.03365748144966989,
    "test_rating": {
      "rmse": 1.1427158418570167,
      "mae": 0.8901894423522491
    },
    "test_topn": {
      "precision@5": 0.058585858585858595,
      "recall@5": 0.00977051922952715,
      "ndcg@5": 0.08568099924568862,
      "hit_rate@5": 0.24242424242424243,
      "precision@10": 0.030303030303030304,
      "recall@10": 0.009787610617176914,
      "ndcg@10": 0.05725482959198146,
      "hit_rate@10": 0.24242424242424243,
      "precision@20": 0.020202020202020204,
      "recall@20": 0.011179665878100611,
      "ndcg@20": 0.0443915085742256,
      "hit_rate@20": 0.26262626262626265,
      "coverage@20": 0.025523319867792875
    }
  },
  "popularity_recomputed_unified_threshold": {
    "precision@5": 0.27676767676767683,
    "recall@5": 0.03789804834237043,
    "ndcg@5": 0.2838933352399009,
    "hit_rate@5": 0.6161616161616161,
    "precision@10": 0.23333333333333334,
    "recall@10": 0.05548174279890518,
    "ndcg@10": 0.254265372821159,
    "hit_rate@10": 0.6565656565656566,
    "precision@20": 0.20909090909090908,
    "recall@20": 0.09152701830156021,
    "ndcg@20": 0.2409164676772354,
    "hit_rate@20": 0.7373737373737373,
    "coverage@20": 0.020198310686742563
  },
  "meta": {
    "k_values": [
      5,
      10,
      20
    ],
    "relevance_threshold": 3.5,
    "optuna_n_trials": 20,
    "optuna_target": "ndcg@10"
  }
}