{
  "baseline": {
    "val": {
      "rmse": 1.0096788484909915,
      "mae": 0.7517128516534818
    }
  },
  "final": {
    "val_best_rmse": 0.9836887518289774,
    "test_rating": {
      "rmse": 1.019039945175648,
      "mae": 0.7832796562274367
    },
    "test_topn": {
      "precision@5": 0.04489795918367347,
      "recall@5": 0.01047309852812954,
      "ndcg@5": 0.0712910554796609,
      "hit_rate@5": 0.20408163265306123,
      "precision@10": 0.022448979591836737,
      "recall@10": 0.01047309852812954,
      "ndcg@10": 0.04799670107869233,
      "hit_rate@10": 0.20408163265306123,
      "precision@20": 0.012755102040816327,
      "recall@20": 0.013969508950005802,
      "ndcg@20": 0.03702559094397839,
      "hit_rate@20": 0.22448979591836735,
      "coverage@20": 0.026257803892765334
    }
  },
  "meta": {
    "k_values": [
      5,
      10,
      20
    ],
    "relevance_threshold": 4.0,
    "optuna_n_trials": 50
  }
}