{
  "baseline": {
    "val_topn": {
      "precision@5": 0.2912280701754386,
      "recall@5": 0.038552181176757426,
      "ndcg@5": 0.3031137488026872,
      "hit_rate@5": 0.6140350877192983,
      "precision@10": 0.23947368421052628,
      "recall@10": 0.06642502787097433,
      "ndcg@10": 0.26352978305906377,
      "hit_rate@10": 0.6842105263157895,
      "precision@20": 0.20263157894736844,
      "recall@20": 0.10676791169591157,
      "ndcg@20": 0.23827000654939573,
      "hit_rate@20": 0.7807017543859649,
      "coverage@20": 0.09401395519647447
    }
  },
  "final": {
    "val_best_ndcg10": 0.28284133488329605,
    "test_topn": {
      "precision@5": 0.2571428571428571,
      "recall@5": 0.041645682867973516,
      "ndcg@5": 0.27178714588374736,
      "hit_rate@5": 0.5816326530612245,
      "precision@10": 0.23367346938775513,
      "recall@10": 0.07180620837674509,
      "ndcg@10": 0.25194196870954333,
      "hit_rate@10": 0.6632653061224489,
      "precision@20": 0.19744897959183674,
      "recall@20": 0.11110692614343895,
      "ndcg@20": 0.23539793209461002,
      "hit_rate@20": 0.7448979591836735,
      "coverage@20": 0.060227690047741464
    }
  },
  "meta": {
    "k_values": [
      5,
      10,
      20
    ],
    "relevance_threshold": 4.0,
    "optuna_n_trials": 50
  }
}