{
  "baseline": {
    "val": {
      "rmse": 0.9412107451649387,
      "mae": 0.7166304555724233
    }
  },
  "final": {
    "val_best_rmse": 0.9294937408537535,
    "test_rating": {
      "rmse": 1.0435087263997542,
      "mae": 0.8298212629304577
    },
    "test_topn": {
      "precision@5": 0.11632653061224488,
      "recall@5": 0.01614202568886843,
      "ndcg@5": 0.12334897478669926,
      "hit_rate@5": 0.3469387755102041,
      "precision@10": 0.09897959183673469,
      "recall@10": 0.02595685308665587,
      "ndcg@10": 0.1093094749635238,
      "hit_rate@10": 0.42857142857142855,
      "precision@20": 0.09285714285714286,
      "recall@20": 0.05102911104378537,
      "ndcg@20": 0.10718239509554116,
      "hit_rate@20": 0.5612244897959183,
      "coverage@20": 0.0672052882849798
    }
  },
  "meta": {
    "k_values": [
      5,
      10,
      20
    ],
    "relevance_threshold": 4.0,
    "optuna_n_trials": 30,
    "rating_clip_range": [
      0.5,
      5.0
    ]
  }
}