{
  "baseline": {
    "val": {
      "rmse": 0.9412107451649387,
      "mae": 0.7166304555724233
    }
  },
  "final": {
    "val_best_ndcg10": 0.2020269360167887,
    "test_rating": {
      "rmse": 1.0851281070464671,
      "mae": 0.8591140847434614
    },
    "test_topn": {
      "precision@5": 0.09292929292929292,
      "recall@5": 0.008019689309959962,
      "ndcg@5": 0.08631415853812242,
      "hit_rate@5": 0.2828282828282828,
      "precision@10": 0.08787878787878789,
      "recall@10": 0.021742123088534564,
      "ndcg@10": 0.08679497515089274,
      "hit_rate@10": 0.3838383838383838,
      "precision@20": 0.07323232323232323,
      "recall@20": 0.03371823214520303,
      "ndcg@20": 0.0801358843839857,
      "hit_rate@20": 0.48484848484848486,
      "coverage@20": 0.046823356591994124
    }
  },
  "meta": {
    "k_values": [
      5,
      10,
      20
    ],
    "relevance_threshold": 3.5,
    "optuna_n_trials": 30,
    "optuna_target": "ndcg@10",
    "rating_clip_range": [
      0.5,
      5.0
    ]
  }
}