{
  "baseline": {
    "val_rating": {
      "rmse": 0.9445491888444041,
      "mae": 0.7083159025955914
    },
    "val_topn": {
      "precision@10": 0.17105263157894737,
      "recall@10": 0.03408520513723846,
      "ndcg@10": 0.1841980187891748,
      "hit_rate@10": 0.6929824561403509,
      "coverage@10": 0.030664708042600075
    }
  },
  "final": {
    "val_best_ndcg10": 0.3012955784899869,
    "test_rating": {
      "rmse": 1.051247518601892,
      "mae": 0.8177866387302033
    },
    "test_topn": {
      "precision@5": 0.19393939393939394,
      "recall@5": 0.022414000944897493,
      "ndcg@5": 0.2041626306924568,
      "hit_rate@5": 0.47474747474747475,
      "precision@10": 0.18787878787878787,
      "recall@10": 0.0470526101527403,
      "ndcg@10": 0.20049417266553857,
      "hit_rate@10": 0.5959595959595959,
      "precision@20": 0.17929292929292934,
      "recall@20": 0.08013639478449003,
      "ndcg@20": 0.19923111088499562,
      "hit_rate@20": 0.7171717171717171,
      "coverage@20": 0.02221814175541682
    }
  },
  "popularity_recomputed_unified_threshold": {
    "precision@5": 0.27676767676767683,
    "recall@5": 0.03789804834237043,
    "ndcg@5": 0.2838933352399009,
    "hit_rate@5": 0.6161616161616161,
    "precision@10": 0.23333333333333334,
    "recall@10": 0.05548174279890518,
    "ndcg@10": 0.254265372821159,
    "hit_rate@10": 0.6565656565656566,
    "precision@20": 0.20909090909090908,
    "recall@20": 0.09152701830156021,
    "ndcg@20": 0.2409164676772354,
    "hit_rate@20": 0.7373737373737373,
    "coverage@20": 0.020198310686742563
  },
  "meta": {
    "k_values": [
      5,
      10,
      20
    ],
    "relevance_threshold": 3.5,
    "optuna_n_trials": 30,
    "optuna_target": "ndcg@10"
  }
}