{
  "baseline": {
    "val": {
      "rmse": 0.9445491888444041,
      "mae": 0.7083159025955914
    }
  },
  "final": {
    "val_best_rmse": 0.9397268827204961,
    "test_rating": {
      "rmse": 1.057047137305607,
      "mae": 0.8226925518091872
    },
    "test_topn": {
      "precision@5": 0.07346938775510205,
      "recall@5": 0.007973697468774535,
      "ndcg@5": 0.07746450505237358,
      "hit_rate@5": 0.25510204081632654,
      "precision@10": 0.08775510204081632,
      "recall@10": 0.024228439730252013,
      "ndcg@10": 0.08747368511233865,
      "hit_rate@10": 0.40816326530612246,
      "precision@20": 0.07551020408163266,
      "recall@20": 0.037867634840069254,
      "ndcg@20": 0.0815638889952161,
      "hit_rate@20": 0.5306122448979592,
      "coverage@20": 0.040396621373485125
    }
  },
  "meta": {
    "k_values": [
      5,
      10,
      20
    ],
    "relevance_threshold": 4.0,
    "optuna_n_trials": 50
  }
}